{
  "pageSizeMm": { "w": 215.9, "h": 279.4 },
  "dpi": 300,

  "cropMm": { "x": 8, "y": 8, "w": 200, "h": 105 },
  "globalOffsetMm": { "x": 0, "y": 0 },

  "qr": { "x_mm": 70, "y_mm": 8, "size_mm": 16 },

  "fields": {
    "no_folio ":         { "from": "pagare.folio", "pad": 2,  "x_mm": 142, "y_mm": 14,  "fontPx": 16, "fontWeight": "bold",  "align": "left",  "maxWidth_mm": 30 },
    "monto":              { "from": "pagare.monto", "type": "currency", "x_mm": 178, "y_mm": 14,  "fontPx": 16, "fontWeight": "bold",  "align": "right", "maxWidth_mm": 32 },
    "lugar expedicion":   { "from": "pagare.lugarExpedicion",           "x_mm":  28, "y_mm": 24,  "fontPx": 13,                  "align": "left",  "maxWidth_mm": 48 },

    "beneficiario":       { "from": "beneficiario.nombre",               "x_mm":  70, "y_mm": 37,  "fontPx": 13,                  "align": "left",  "maxWidth_mm": 120 },
    "monto en letra":     { "from": "pagare.monto", "type": "currencyWords", "x_mm":  28, "y_mm": 49,  "fontPx": 13,           "align": "left",  "maxWidth_mm": 160 },

    "lugar de pago 1":    { "from": "pagare.lugarDePago",                "x_mm":  28, "y_mm": 58,  "fontPx": 13,                  "align": "left",  "maxWidth_mm": 70  },
    "fecha de pago ":     { "from": "pagare.fechaVencimiento", "type": "dateDMY", "x_mm": 155, "y_mm": 58,  "fontPx": 13,       "align": "left",  "maxWidth_mm": 35  },

    "nombre deudor":      { "from": "deudor.nombre",                      "x_mm":  34, "y_mm": 87,  "fontPx": 13,                  "align": "left",  "maxWidth_mm": 90  },
    "direccion deudor":   { "from": "deudor.direccion",                   "x_mm":  34, "y_mm": 93,  "fontPx": 13,                  "align": "left",  "maxWidth_mm": 90  },
    "poblacion deudor ":  { "from": "deudor.poblacion",                   "x_mm":  34, "y_mm": 99,  "fontPx": 13,                  "align": "left",  "maxWidth_mm": 90  }
  }
}

