{
    "tipoDocumento": "ambos",
    "total": 250000,
    "enganche": 15000,
    "saldo": 235000,
    "mensual": 5000,
    "numeroAnualidades": 0,
    "anualidadMonto": 0,
    "anualidadMes": 12,
    "anualidad_mes_nombre": "DICIEMBRE",
    "fechaEmision": "2025-10-15",
    "fechaPrimerPago": "15/10/2025",
    "moratorios": 10,
    "interes": 8,
    "beneficiario": "ISRAEL RESÉNDIZ RUIZ",
    "deudor": "YESSAMIN SUAREZ HIGUEROS",
    "nombre deudor": "YESSAMIN SUAREZ HIGUEROS",
    "genero": "LA COMPRADORA",
    "direccion": "AV. IMAGINACION 9999, COL. CREATIVA",
    "direccion deudor": "AV. IMAGINACION 9999, COL. CREATIVA",
    "poblacion": "AYAPANGO, ESTADO DE MEXICO",
    "poblacion deudor": "AYAPANGO, ESTADO DE MEXICO",
    "lugarExpedicion": "AMECAMECA, EDO. MEX.",
    "lugarPago": "AMECAMECA, EDO. MEX.",
    "telefono": "5512345678",
    "nombre predio": "LA MINA",
    "ubicación predio": "JUCHITEPEC EDO. MEX.",
    "municipio predio": "JUCHITEPEC",
    "manzana y lote(s)": "MANZANA 5 LOTES 4 Y 6",
    "superficie numero": "150",
    "superficie letra": "CIENTO CINCUENTA",
    "norte numero": "10",
    "colindancia norte": "CALLE A",
    "sur numero": "10",
    "colindancia sur": "LOTE 6",
    "oriente numero": "15",
    "colindancia oriente": "CALLE B",
    "poniente numero": "15",
    "colindancia poniente": "LOTE 3",
    "testigo1": "VEGETA",
    "testigo2": "NARUTO",
    "numeroPagares": 47,
    "listaPagares": [
      {
        "folio": "01",
        "monto": 5000,
        "fecha_vencimiento": "2025-11-15",
        "tipo": "mensualidad"
      },
      {
        "folio": "02",
        "monto": 5000,
        "fecha_vencimiento": "2025-12-15",
        "tipo": "mensualidad"
      }
    ]
  }